2023年1月,,,,,,
小區域有感地震,2023-01-29 23:15:18,120.80,23.21,3.2,4.7,高雄市政府東北方  81.9  公里 (位於高雄市桃源區)(高雄市桃源區)
小區域有感地震,2023-01-27 06:40:39,121.24,23.27,3.5,16.8,花蓮縣政府南南西方  89.2  公里 (位於花蓮縣卓溪鄉)(花蓮縣卓溪鄉)
小區域有感地震,2023-01-24 22:37:26,121.28,23.07,3.7,7.7,臺東縣政府北北東方  37.3  公里 (位於臺東縣東河鄉)(臺東縣東河鄉)
小區域有感地震,2023-01-24 12:17:01,121.29,23.44,3.8,11.4,花蓮縣政府南南西方  70.0  公里 (位於花蓮縣卓溪鄉)(花蓮縣卓溪鄉)
小區域有感地震,2023-01-22 06:13:07,121.91,24.43,3.6,13.4,宜蘭縣政府南南東方  36.5  公里 (位於臺灣東部海域)(臺灣東部海域)
小區域有感地震,2023-01-21 14:05:24,120.86,24.38,3.6,5.4,苗栗縣政府南方  20.9  公里 (位於苗栗縣大湖鄉)(苗栗縣大湖鄉)
小區域有感地震,2023-01-21 14:04:30,121.24,23.26,3.6,16.8,花蓮縣政府南南西方  89.5  公里 (位於花蓮縣卓溪鄉)(花蓮縣卓溪鄉)
小區域有感地震,2023-01-21 08:05:34,121.77,23.78,4.1,15.9,花蓮縣政府東南方  27.5  公里 (位於臺灣東部海域)(臺灣東部海域)
小區域有感地震,2023-01-20 17:24:47,120.27,23.25,3.1,14.6,臺南市政府北北東方  29.5  公里 (位於臺南市下營區)(臺南市下營區)
5,2023-01-20 10:56:26,121.52,24.05,4.4,19.7,花蓮縣政府西北西方  12.3  公里 (位於花蓮縣秀林鄉)(花蓮縣秀林鄉)
小區域有感地震,2023-01-20 02:43:10,121.78,24.07,4.1,32.5,花蓮縣政府東北東方  18.3  公里 (位於臺灣東部海域)(臺灣東部海域)
小區域有感地震,2023-01-19 10:09:11,121.16,23.10,3.7,13.8,臺東縣政府北方  37.8  公里 (位於臺東縣海端鄉)(臺東縣海端鄉)
小區域有感地震,2023-01-16 22:03:00,122.33,24.01,4.7,23.4,花蓮縣政府東方  71.9  公里 (位於臺灣東部海域)(臺灣東部海域)
小區域有感地震,2023-01-15 15:48:44,121.16,24.91,3.1,4.2,桃園市政府西南西方  16.9  公里 (位於桃園市楊梅區)(桃園市楊梅區)
小區域有感地震,2023-01-15 03:40:27,122.58,25.19,5.3,171.1,基隆市政府東方  84.7  公里 (位於臺灣東北部海域)(臺灣東北部海域)
小區域有感地震,2023-01-14 14:02:31,121.69,23.84,3.9,21.7,花蓮縣政府南南東方  18.5  公里 (位於臺灣東部海域)(臺灣東部海域)
小區域有感地震,2023-01-14 00:41:24,121.70,24.32,3.2,8,花蓮縣政府北北東方  37.5  公里 (位於花蓮縣秀林鄉)(花蓮縣秀林鄉)
小區域有感地震,2023-01-13 23:02:37,122.34,24.04,5,24.2,花蓮縣政府東方  73.0  公里 (位於臺灣東部海域)(臺灣東部海域)
小區域有感地震,2023-01-13 06:59:36,121.86,24.40,3.6,8.7,宜蘭縣政府南南東方  38.3  公里 (位於宜蘭縣近海)(宜蘭縣近海)
4,2023-01-12 13:15:52,120.66,22.83,4.4,19.6,屏東縣政府東北方  24.4  公里 (位於屏東縣三地門鄉)(屏東縣三地門鄉)
小區域有感地震,2023-01-12 13:15:35,121.04,22.07,4.1,25.2,臺東縣政府南方  77.1  公里 (位於臺灣東南部海域)(臺灣東南部海域)
小區域有感地震,2023-01-11 22:50:52,120.71,23.15,3.6,8,高雄市政府東北方  71.6  公里 (位於高雄市桃源區)(高雄市桃源區)
3,2023-01-11 12:42:09,121.47,23.22,4.8,29.2,臺東縣政府東北方  61.2  公里 (位於臺東縣近海)(臺東縣近海)
小區域有感地震,2023-01-11 03:22:12,121.31,23.15,4,33.9,花蓮縣政府南南西方  98.6  公里 (位於花蓮縣富里鄉)(花蓮縣富里鄉)
小區域有感地震,2023-01-10 22:53:48,121.74,24.21,3.3,13.5,花蓮縣政府北北東方  27.2  公里 (位於花蓮縣近海)(花蓮縣近海)
2,2023-01-09 19:31:50,121.27,23.38,4.7,11.5,花蓮縣政府南南西方  76.4  公里 (位於花蓮縣卓溪鄉)(花蓮縣卓溪鄉)
小區域有感地震,2023-01-09 01:13:16,120.55,23.10,4,12,臺南市政府東北東方  38.7  公里 (位於臺南市南化區)(臺南市南化區)
小區域有感地震,2023-01-08 22:34:04,121.74,24.20,3.2,14.4,花蓮縣政府北北東方  26.2  公里 (位於花蓮縣近海)(花蓮縣近海)
1,2023-01-07 19:21:26,121.33,23.56,4.7,15.2,花蓮縣政府西南方  56.8  公里 (位於花蓮縣萬榮鄉)(花蓮縣萬榮鄉)
小區域有感地震,2023-01-06 02:02:51,122.04,24.89,4.2,13.5,宜蘭縣政府東北東方  32.9  公里 (位於臺灣東部海域)(臺灣東部海域)
小區域有感地震,2023-01-06 01:11:36,122.04,24.89,4.4,11,宜蘭縣政府東北東方  32.6  公里 (位於臺灣東部海域)(臺灣東部海域)
小區域有感地震,2023-01-05 12:59:28,121.59,23.23,4.5,39.7,臺東縣政府東北方  69.0  公里 (位於臺灣東部海域)(臺灣東部海域)
小區域有感地震,2023-01-05 08:15:41,121.16,24.91,3.4,5.1,桃園市政府西南西方  16.8  公里 (位於桃園市楊梅區)(桃園市楊梅區)
小區域有感地震,2023-01-03 14:05:33,121.57,25.15,2.9,5.6,臺北市政府北方  12.5  公里 (位於臺北市士林區)(臺北市士林區)
小區域有感地震,2023-01-03 05:46:44,120.34,23.10,3.7,17.3,臺南市政府東北方  20.0  公里 (位於臺南市山上區)(臺南市山上區)
小區域有感地震,2023-01-03 05:46:39,120.33,23.10,3.5,16.9,臺南市政府東北方  19.0  公里 (位於臺南市山上區)(臺南市山上區)
小區域有感地震,2023-01-03 05:19:18,121.54,23.78,4.3,17.5,花蓮縣政府南南西方  24.2  公里 (位於花蓮縣壽豐鄉)(花蓮縣壽豐鄉)
小區域有感地震,2023-01-03 05:06:31,121.55,23.78,3.9,17.8,花蓮縣政府南南西方  24.3  公里 (位於花蓮縣壽豐鄉)(花蓮縣壽豐鄉)
小區域有感地震,2023-01-02 14:29:13,121.66,24.06,4.2,29.9,花蓮縣政府北北東方  9.2  公里 (位於花蓮縣近海)(花蓮縣近海)
小區域有感地震,2023-02-28 03:30:58,121.37,23.18,4.1,18.7,臺東縣政府北北東方  52.6  公里 (位於臺東縣成功鎮)(臺東縣成功鎮)
小區域有感地震,2023-02-26 14:22:31,121.61,24.33,3.4,25.1,花蓮縣政府北方  37.3  公里 (位於花蓮縣秀林鄉)(花蓮縣秀林鄉)
小區域有感地震,2023-02-26 00:03:17,121.31,22.46,4.6,16.1,臺東縣政府南南東方  36.0  公里 (位於臺灣東南部海域)(臺灣東南部海域)
小區域有感地震,2023-02-25 14:06:41,121.35,23.19,3.2,17,臺東縣政府北北東方  52.2  公里 (位於臺東縣成功鎮)(臺東縣成功鎮)
小區域有感地震,2023-02-23 07:55:14,121.73,24.00,3.5,3.6,花蓮縣政府東方  11.0  公里 (位於臺灣東部海域)(臺灣東部海域)
14,2023-02-23 05:18:44,121.74,23.99,4.6,6.9,花蓮縣政府東方  11.7  公里 (位於臺灣東部海域)(臺灣東部海域)
小區域有感地震,2023-02-22 01:00:20,123.36,24.95,5.4,140.5,宜蘭縣政府東方  163.2  公里 (位於臺灣東部海域)(臺灣東部海域)
13,2023-02-21 19:01:42,121.66,23.52,4.8,31.3,花蓮縣政府南方  52.6  公里 (位於臺灣東部海域)(臺灣東部海域)
小區域有感地震,2023-02-21 12:39:27,121.44,23.74,3.9,12.2,花蓮縣政府西南方  32.7  公里 (位於花蓮縣鳳林鎮)(花蓮縣鳳林鎮)
小區域有感地震,2023-02-21 12:29:05,121.93,24.41,3.9,26.7,宜蘭縣政府南南東方  38.9  公里 (位於臺灣東部海域)(臺灣東部海域)
小區域有感地震,2023-02-21 12:22:25,121.89,24.43,4.2,26,宜蘭縣政府南南東方  36.1  公里 (位於宜蘭縣近海)(宜蘭縣近海)
小區域有感地震,2023-02-21 07:39:35,121.44,23.74,3.9,11.3,花蓮縣政府西南方  33.1  公里 (位於花蓮縣鳳林鎮)(花蓮縣鳳林鎮)
12,2023-02-19 07:32:33,121.63,24.67,4.6,54.6,宜蘭縣政府西南西方  14.7  公里 (位於宜蘭縣三星鄉)(宜蘭縣三星鄉)
11,2023-02-18 23:49:09,120.77,23.71,5.1,21.4,南投縣政府南南東方  22.8  公里 (位於南投縣鹿谷鄉)(南投縣鹿谷鄉)
小區域有感地震,2023-02-18 16:34:22,120.87,22.20,3.5,7.1,屏東縣政府東南方  66.2  公里 (位於屏東縣牡丹鄉)(屏東縣牡丹鄉)
小區域有感地震,2023-02-18 10:48:43,121.51,24.08,3.7,20.6,花蓮縣政府西北方  14.2  公里 (位於花蓮縣秀林鄉)(花蓮縣秀林鄉)
小區域有感地震,2023-02-17 15:07:55,121.76,24.27,3.4,21.6,花蓮縣政府北北東方  34.5  公里 (位於花蓮縣近海)(花蓮縣近海)
小區域有感地震,2023-02-17 09:35:06,121.48,23.95,3.9,18.4,花蓮縣政府西南西方  15.3  公里 (位於花蓮縣秀林鄉)(花蓮縣秀林鄉)
10,2023-02-17 09:22:50,121.47,23.94,4.6,18,花蓮縣政府西南西方  16.2  公里 (位於花蓮縣秀林鄉)(花蓮縣秀林鄉)
小區域有感地震,2023-02-17 09:08:20,121.56,25.16,3.3,4.7,臺北市政府北方  13.7  公里 (位於臺北市士林區)(臺北市士林區)
小區域有感地震,2023-02-16 08:30:18,120.57,22.89,4.1,9.1,高雄市政府東北方  40.2  公里 (位於高雄市美濃區)(高雄市美濃區)
小區域有感地震,2023-02-13 15:34:58,121.25,23.26,4,17.3,花蓮縣政府南南西方  89.4  公里 (位於花蓮縣卓溪鄉)(花蓮縣卓溪鄉)
小區域有感地震,2023-02-13 05:51:16,121.17,23.10,4,14.5,臺東縣政府北方  38.2  公里 (位於臺東縣海端鄉)(臺東縣海端鄉)
小區域有感地震,2023-02-12 04:40:32,121.76,24.27,3.5,21.3,花蓮縣政府北北東方  34.3  公里 (位於花蓮縣近海)(花蓮縣近海)
9,2023-02-11 19:35:49,121.53,23.43,5.2,34.2,花蓮縣政府南方  62.6  公里 (位於花蓮縣近海)(花蓮縣近海)
小區域有感地震,2023-02-11 05:18:39,121.37,24.75,3.9,6.4,桃園市政府南南東方  28.2  公里 (位於桃園市復興區)(桃園市復興區)
小區域有感地震,2023-02-10 23:12:00,121.39,22.12,3.9,24.1,臺東縣政府南南東方  74.1  公里 (位於臺灣東南部海域)(臺灣東南部海域)
小區域有感地震,2023-02-10 08:07:58,121.93,24.59,3.7,13.6,宜蘭縣政府東南方  23.3  公里 (位於宜蘭縣近海)(宜蘭縣近海)
小區域有感地震,2023-02-10 02:59:27,121.49,23.96,3.1,17.3,花蓮縣政府西南西方  13.7  公里 (位於花蓮縣秀林鄉)(花蓮縣秀林鄉)
小區域有感地震,2023-02-10 01:52:54,121.43,23.30,3.8,27,臺東縣政府北北東方  66.8  公里 (位於臺東縣長濱鄉)(臺東縣長濱鄉)
8,2023-02-08 18:49:59,121.55,23.44,5.6,36.7,花蓮縣政府南方  61.0  公里 (位於花蓮縣近海)(花蓮縣近海)
小區域有感地震,2023-02-08 12:18:40,121.99,23.81,4.3,39.4,花蓮縣政府東南東方  42.5  公里 (位於臺灣東部海域)(臺灣東部海域)
7,2023-02-08 05:48:48,121.83,24.75,4.5,79.1,宜蘭縣政府東北東方  7.0  公里 (位於宜蘭縣近海)(宜蘭縣近海)
小區域有感地震,2023-02-07 06:12:55,121.76,24.27,4.1,21.8,花蓮縣政府北北東方  34.2  公里 (位於花蓮縣近海)(花蓮縣近海)
小區域有感地震,2023-02-07 04:26:04,121.75,24.27,3.3,21,花蓮縣政府北北東方  33.5  公里 (位於花蓮縣近海)(花蓮縣近海)
6,2023-02-07 04:20:17,121.76,24.27,5.1,22.1,花蓮縣政府北北東方  34.3  公里 (位於花蓮縣近海)(花蓮縣近海)
小區域有感地震,2023-02-06 14:37:28,121.29,23.44,3.6,11.7,花蓮縣政府南南西方  69.4  公里 (位於花蓮縣卓溪鄉)(花蓮縣卓溪鄉)
小區域有感地震,2023-02-04 03:06:04,120.72,23.51,3.4,7.8,嘉義縣政府東方  43.8  公里 (位於嘉義縣阿里山鄉)(嘉義縣阿里山鄉)
小區域有感地震,2023-02-03 22:48:09,121.64,24.61,3.8,48.1,宜蘭縣政府西南方  18.2  公里 (位於宜蘭縣大同鄉)(宜蘭縣大同鄉)
小區域有感地震,2023-02-02 13:54:53,120.55,23.10,3.7,12.6,臺南市政府東北東方  38.9  公里 (位於臺南市南化區)(臺南市南化區)
小區域有感地震,2023-02-01 16:03:56,121.78,24.25,3.4,14.6,花蓮縣政府北北東方  32.8  公里 (位於花蓮縣近海)(花蓮縣近海)
小區域有感地震,2023-03-31 20:36:04,120.70,23.17,3.6,9.1,高雄市政府東北方  72.7  公里 (位於高雄市桃源區)(高雄市桃源區)
小區域有感地震,2023-03-31 04:15:48,121.59,21.88,4.2,20.2,臺東縣政府南南東方  106.6  公里 (位於臺灣東南部海域)(臺灣東南部海域)
小區域有感地震,2023-03-31 03:30:20,121.28,22.93,3.7,8.6,臺東縣政府東北方  23.5  公里 (位於臺東縣近海)(臺東縣近海)
小區域有感地震,2023-03-30 14:44:30,121.30,23.47,3.8,12.8,花蓮縣政府南南西方  66.5  公里 (位於花蓮縣卓溪鄉)(花蓮縣卓溪鄉)
小區域有感地震,2023-03-30 14:26:22,121.41,23.79,4,58.2,花蓮縣政府西南方  31.0  公里 (位於花蓮縣萬榮鄉)(花蓮縣萬榮鄉)
小區域有感地震,2023-03-30 11:46:35,122.67,24.51,4.6,86.5,宜蘭縣政府東南東方  95.4  公里 (位於臺灣東部海域)(臺灣東部海域)
小區域有感地震,2023-03-26 12:43:52,121.29,21.50,4.9,41.7,臺東縣政府南方  139.9  公里 (位於臺灣南部海域)(臺灣南部海域)
小區域有感地震,2023-03-25 09:05:27,121.59,24.63,4.1,60.5,宜蘭縣政府西南西方  21.1  公里 (位於宜蘭縣大同鄉)(宜蘭縣大同鄉)
小區域有感地震,2023-03-25 04:24:29,121.44,23.88,3.2,19.4,花蓮縣政府西南西方  21.6  公里 (位於花蓮縣秀林鄉)(花蓮縣秀林鄉)
小區域有感地震,2023-03-25 01:22:02,121.29,23.63,3.9,7.2,花蓮縣政府西南方  52.2  公里 (位於花蓮縣萬榮鄉)(花蓮縣萬榮鄉)
24,2023-03-24 18:04:18,121.32,23.65,4.3,6.7,花蓮縣政府西南方  48.9  公里 (位於花蓮縣萬榮鄉)(花蓮縣萬榮鄉)
小區域有感地震,2023-03-23 11:13:46,121.58,23.76,3.7,6.7,花蓮縣政府南方  25.4  公里 (位於花蓮縣近海)(花蓮縣近海)
23,2023-03-23 05:51:04,121.30,23.66,4.7,7.8,花蓮縣政府西南方  49.4  公里 (位於花蓮縣萬榮鄉)(花蓮縣萬榮鄉)
22,2023-03-22 23:43:05,121.31,23.65,4.7,6.5,花蓮縣政府西南方  49.2  公里 (位於花蓮縣萬榮鄉)(花蓮縣萬榮鄉)
小區域有感地震,2023-03-22 06:15:21,121.08,22.91,3.9,12.3,臺東縣政府北北西方  19.0  公里 (位於臺東縣鹿野鄉)(臺東縣鹿野鄉)
小區域有感地震,2023-03-21 09:59:46,121.29,23.64,3.9,7.6,花蓮縣政府西南方  50.9  公里 (位於花蓮縣萬榮鄉)(花蓮縣萬榮鄉)
小區域有感地震,2023-03-21 09:54:50,121.31,23.63,4,3.3,花蓮縣政府西南方  51.1  公里 (位於花蓮縣萬榮鄉)(花蓮縣萬榮鄉)
21,2023-03-21 09:46:12,121.29,23.64,4.9,7.1,花蓮縣政府西南方  50.8  公里 (位於花蓮縣萬榮鄉)(花蓮縣萬榮鄉)
20,2023-03-21 09:45:20,121.31,23.64,5.4,8.5,花蓮縣政府西南方  50.2  公里 (位於花蓮縣萬榮鄉)(花蓮縣萬榮鄉)
小區域有感地震,2023-03-20 12:30:39,121.79,24.41,3.1,7.6,宜蘭縣政府南方  35.9  公里 (位於宜蘭縣近海)(宜蘭縣近海)
19,2023-03-19 13:12:16,121.05,22.82,4.2,10.6,臺東縣政府西北西方  12.8  公里 (位於臺東縣卑南鄉)(臺東縣卑南鄉)
18,2023-03-16 12:28:43,121.25,23.27,4.2,18,花蓮縣政府南南西方  88.1  公里 (位於花蓮縣卓溪鄉)(花蓮縣卓溪鄉)
小區域有感地震,2023-03-16 02:35:20,121.82,24.53,3.3,10.1,宜蘭縣政府南南東方  23.1  公里 (位於宜蘭縣南澳鄉)(宜蘭縣南澳鄉)
小區域有感地震,2023-03-15 17:31:54,120.86,24.46,3,7.3,苗栗縣政府南南東方  12.1  公里 (位於苗栗縣公館鄉)(苗栗縣公館鄉)
小區域有感地震,2023-03-13 21:58:12,121.88,23.47,4,29.6,花蓮縣政府南南東方  63.4  公里 (位於臺灣東部海域)(臺灣東部海域)
小區域有感地震,2023-03-13 21:04:40,121.48,23.95,4,18.8,花蓮縣政府西南西方  15.3  公里 (位於花蓮縣秀林鄉)(花蓮縣秀林鄉)
小區域有感地震,2023-03-13 19:05:03,121.93,24.50,3.4,13.7,宜蘭縣政府東南方  30.7  公里 (位於宜蘭縣近海)(宜蘭縣近海)
小區域有感地震,2023-03-13 14:38:22,120.65,23.14,3.5,9.3,高雄市政府北北東方  66.6  公里 (位於高雄市甲仙區)(高雄市甲仙區)
小區域有感地震,2023-03-13 09:41:56,121.16,23.09,3.7,13.6,臺東縣政府北方  37.5  公里 (位於臺東縣海端鄉)(臺東縣海端鄉)
小區域有感地震,2023-03-13 08:11:51,121.99,24.81,4.3,6.3,宜蘭縣政府東北東方  24.1  公里 (位於臺灣東部海域)(臺灣東部海域)
小區域有感地震,2023-03-13 05:19:43,121.99,24.81,3.7,6.2,宜蘭縣政府東北東方  24.2  公里 (位於臺灣東部海域)(臺灣東部海域)
小區域有感地震,2023-03-11 21:17:55,121.57,23.65,4.4,31.3,花蓮縣政府南方  38.2  公里 (位於花蓮縣近海)(花蓮縣近海)
小區域有感地震,2023-03-11 09:16:50,121.46,23.78,3.7,10.6,花蓮縣政府西南方  28.3  公里 (位於花蓮縣鳳林鎮)(花蓮縣鳳林鎮)
小區域有感地震,2023-03-11 04:21:53,120.97,24.07,3.4,24.3,南投縣政府東北東方  34.4  公里 (位於南投縣仁愛鄉)(南投縣仁愛鄉)
小區域有感地震,2023-03-10 03:45:10,121.55,23.46,4.2,34.7,花蓮縣政府南方  59.3  公里 (位於花蓮縣近海)(花蓮縣近海)
小區域有感地震,2023-03-09 17:38:39,121.71,23.74,4.1,46.6,花蓮縣政府南南東方  29.1  公里 (位於臺灣東部海域)(臺灣東部海域)
17,2023-03-06 22:34:02,121.84,24.53,4.1,10.5,宜蘭縣政府南南東方  23.3  公里 (位於宜蘭縣南澳鄉)(宜蘭縣南澳鄉)
小區域有感地震,2023-03-06 21:27:15,121.75,24.00,3.8,7.8,花蓮縣政府東方  13.4  公里 (位於臺灣東部海域)(臺灣東部海域)
小區域有感地震,2023-03-06 21:10:28,121.57,23.79,3.4,24.9,花蓮縣政府南南西方  22.8  公里 (位於花蓮縣近海)(花蓮縣近海)
小區域有感地震,2023-03-06 12:20:01,121.69,23.68,4.2,49.6,花蓮縣政府南南東方  35.1  公里 (位於臺灣東部海域)(臺灣東部海域)
小區域有感地震,2023-03-06 08:31:52,121.87,24.18,3.9,24.4,花蓮縣政府東北方  32.6  公里 (位於臺灣東部海域)(臺灣東部海域)
小區域有感地震,2023-03-05 15:19:53,121.84,24.53,3.6,9,宜蘭縣政府南南東方  23.4  公里 (位於宜蘭縣南澳鄉)(宜蘭縣南澳鄉)
小區域有感地震,2023-03-04 01:57:31,122.15,24.05,4.8,18.6,花蓮縣政府東方  54.7  公里 (位於臺灣東部海域)(臺灣東部海域)
小區域有感地震,2023-03-03 22:48:44,121.91,24.86,5,108.7,宜蘭縣政府東北方  20.2  公里 (位於宜蘭縣近海)(宜蘭縣近海)
16,2023-03-03 00:48:59,121.83,24.53,4.9,11.3,宜蘭縣政府南南東方  23.5  公里 (位於宜蘭縣南澳鄉)(宜蘭縣南澳鄉)
15,2023-03-02 19:25:23,121.83,24.53,4.2,10.5,宜蘭縣政府南南東方  23.3  公里 (位於宜蘭縣南澳鄉)(宜蘭縣南澳鄉)
小區域有感地震,2023-03-02 18:40:04,121.32,23.49,3.5,8.9,花蓮縣政府南南西方  63.5  公里 (位於花蓮縣卓溪鄉)(花蓮縣卓溪鄉)
小區域有感地震,2023-03-02 15:01:48,121.35,23.07,4.1,19.5,臺東縣政府北北東方  40.2  公里 (位於臺東縣近海)(臺東縣近海)
小區域有感地震,2023-04-30 15:52:45,121.16,23.10,3.5,13.6,臺東縣政府北方  38.0  公里 (位於臺東縣海端鄉)(臺東縣海端鄉)
小區域有感地震,2023-04-30 05:44:29,121.46,23.94,3.1,19.1,花蓮縣政府西南西方  17.2  公里 (位於花蓮縣秀林鄉)(花蓮縣秀林鄉)
小區域有感地震,2023-04-27 16:15:20,121.53,23.47,4.3,36.6,花蓮縣政府南方  58.9  公里 (位於花蓮縣近海)(花蓮縣近海)
小區域有感地震,2023-04-26 21:46:28,121.44,23.32,3.7,25.9,臺東縣政府北北東方  69.1  公里 (位於臺東縣長濱鄉)(臺東縣長濱鄉)
小區域有感地震,2023-04-26 17:03:48,120.43,23.22,3.6,16.8,臺南市政府東北方  36.0  公里 (位於臺南市六甲區)(臺南市六甲區)
小區域有感地震,2023-04-26 10:40:20,121.89,24.48,3.3,15.1,宜蘭縣政府南南東方  30.3  公里 (位於宜蘭縣近海)(宜蘭縣近海)
小區域有感地震,2023-04-26 03:10:25,122.23,24.82,4.5,109.7,宜蘭縣政府東方  48.4  公里 (位於臺灣東部海域)(臺灣東部海域)
小區域有感地震,2023-04-25 02:31:52,121.89,24.27,4.3,27.4,花蓮縣政府東北方  41.4  公里 (位於臺灣東部海域)(臺灣東部海域)
小區域有感地震,2023-04-24 21:37:37,121.15,22.79,3.2,6.5,臺東縣政府北方  4.4  公里 (位於臺東縣卑南鄉)(臺東縣卑南鄉)
34,2023-04-24 21:35:38,121.16,22.80,4.4,5.8,臺東縣政府北方  5.0  公里 (位於臺東縣卑南鄉)(臺東縣卑南鄉)
小區域有感地震,2023-04-24 21:14:23,121.15,22.79,3.5,6.2,臺東縣政府北方  4.2  公里 (位於臺東縣卑南鄉)(臺東縣卑南鄉)
小區域有感地震,2023-04-24 15:26:43,121.74,24.70,3.7,9.2,宜蘭縣政府西南方  4.1  公里 (位於宜蘭縣三星鄉)(宜蘭縣三星鄉)
小區域有感地震,2023-04-24 15:12:08,121.30,22.78,3.8,19.4,臺東縣政府東方  15.0  公里 (位於臺灣東南部海域)(臺灣東南部海域)
小區域有感地震,2023-04-23 15:45:21,121.17,22.80,3.3,5.9,臺東縣政府北北東方  4.9  公里 (位於臺東縣臺東市)(臺東縣臺東市)
小區域有感地震,2023-04-23 06:17:26,120.41,23.32,3.3,12.4,臺南市政府東北方  42.9  公里 (位於臺南市東山區)(臺南市東山區)
小區域有感地震,2023-04-22 23:30:51,121.74,24.39,3.1,6,宜蘭縣政府南方  38.2  公里 (位於宜蘭縣南澳鄉)(宜蘭縣南澳鄉)
小區域有感地震,2023-04-22 22:10:04,121.77,24.34,3.1,7.2,宜蘭縣政府南方  43.5  公里 (位於宜蘭縣近海)(宜蘭縣近海)
小區域有感地震,2023-04-22 16:03:46,121.73,24.38,4,5.9,宜蘭縣政府南方  38.8  公里 (位於宜蘭縣南澳鄉)(宜蘭縣南澳鄉)
小區域有感地震,2023-04-22 08:20:46,120.97,23.26,3.8,5.3,臺東縣政府北北西方  58.9  公里 (位於臺東縣海端鄉)(臺東縣海端鄉)
小區域有感地震,2023-04-21 19:44:44,121.51,23.50,4.6,29,花蓮縣政府南南西方  55.9  公里 (位於花蓮縣近海)(花蓮縣近海)
小區域有感地震,2023-04-20 05:41:31,121.47,23.74,3.8,8,花蓮縣政府南南西方  31.7  公里 (位於花蓮縣鳳林鎮)(花蓮縣鳳林鎮)
小區域有感地震,2023-04-19 15:49:08,121.30,23.39,3.9,9.7,花蓮縣政府南南西方  74.1  公里 (位於花蓮縣卓溪鄉)(花蓮縣卓溪鄉)
小區域有感地震,2023-04-19 14:11:17,121.14,23.06,3.3,3.4,臺東縣政府北方  34.1  公里 (位於臺東縣海端鄉)(臺東縣海端鄉)
小區域有感地震,2023-04-19 02:53:59,121.31,24.16,3.7,7.2,花蓮縣政府西北西方  37.1  公里 (位於花蓮縣秀林鄉)(花蓮縣秀林鄉)
小區域有感地震,2023-04-18 03:33:53,121.90,24.36,4.7,42,宜蘭縣政府南南東方  43.9  公里 (位於臺灣東部海域)(臺灣東部海域)
小區域有感地震,2023-04-18 02:21:33,120.92,24.08,3.5,23.6,南投縣政府東北方  30.6  公里 (位於南投縣國姓鄉)(南投縣國姓鄉)
33,2023-04-17 16:49:04,121.67,24.37,4.7,23,宜蘭縣政府南南西方  41.3  公里 (位於宜蘭縣南澳鄉)(宜蘭縣南澳鄉)
小區域有感地震,2023-04-17 03:17:33,120.92,22.75,4.2,7.8,臺東縣政府西方  24.3  公里 (位於臺東縣卑南鄉)(臺東縣卑南鄉)
小區域有感地震,2023-04-16 18:44:29,121.08,22.91,3.7,12,臺東縣政府北北西方  18.8  公里 (位於臺東縣鹿野鄉)(臺東縣鹿野鄉)
32,2023-04-16 11:26:56,121.40,23.74,4.3,20,花蓮縣政府西南方  35.7  公里 (位於花蓮縣萬榮鄉)(花蓮縣萬榮鄉)
小區域有感地震,2023-04-14 23:38:16,120.94,22.52,3.7,11.9,臺東縣政府西南方  34.0  公里 (位於臺東縣太麻里鄉)(臺東縣太麻里鄉)
小區域有感地震,2023-04-14 11:54:48,121.14,22.80,3.4,5.7,臺東縣政府北方  5.1  公里 (位於臺東縣卑南鄉)(臺東縣卑南鄉)
31,2023-04-14 11:54:02,121.16,22.79,4.2,6.3,臺東縣政府北北東方  4.1  公里 (位於臺東縣臺東市)(臺東縣臺東市)
小區域有感地震,2023-04-12 20:09:27,121.73,24.18,3.2,10.5,花蓮縣政府北北東方  24.0  公里 (位於花蓮縣近海)(花蓮縣近海)
小區域有感地震,2023-04-10 03:11:33,121.39,24.85,3.5,9.1,新北市政府南南西方  19.0  公里 (位於新北市三峽區)(新北市三峽區)
小區域有感地震,2023-04-10 02:45:37,122.93,24.32,5.2,43.5,宜蘭縣政府東南東方  126.7  公里 (位於臺灣東部海域)(臺灣東部海域)
小區域有感地震,2023-04-10 02:26:49,121.19,23.03,3.7,10.1,臺東縣政府北方  30.7  公里 (位於臺東縣池上鄉)(臺東縣池上鄉)
小區域有感地震,2023-04-10 01:35:19,121.40,23.74,4,19.7,花蓮縣政府西南方  35.1  公里 (位於花蓮縣萬榮鄉)(花蓮縣萬榮鄉)
30,2023-04-09 13:19:09,121.54,24.64,4.6,62.6,宜蘭縣政府西南西方  25.4  公里 (位於宜蘭縣大同鄉)(宜蘭縣大同鄉)
29,2023-04-08 20:14:50,121.44,23.44,4.7,31.7,臺東縣政府北北東方  81.3  公里 (位於臺東縣長濱鄉)(臺東縣長濱鄉)
小區域有感地震,2023-04-08 19:22:01,121.81,24.30,4.1,12.7,花蓮縣政府北北東方  39.2  公里 (位於花蓮縣近海)(花蓮縣近海)
小區域有感地震,2023-04-08 16:36:51,120.97,23.27,4,5.1,臺東縣政府北北西方  59.9  公里 (位於臺東縣海端鄉)(臺東縣海端鄉)
小區域有感地震,2023-04-08 14:36:19,121.72,24.18,3.6,10.7,花蓮縣政府北北東方  23.6  公里 (位於花蓮縣近海)(花蓮縣近海)
小區域有感地震,2023-04-08 08:56:31,121.35,23.21,3.9,17.7,臺東縣政府北北東方  54.0  公里 (位於臺東縣成功鎮)(臺東縣成功鎮)
小區域有感地震,2023-04-07 23:22:50,121.55,24.11,3.9,59.5,花蓮縣政府北北西方  15.1  公里 (位於花蓮縣秀林鄉)(花蓮縣秀林鄉)
28,2023-04-07 18:36:31,121.36,23.20,4.7,17.1,臺東縣政府北北東方  53.3  公里 (位於臺東縣成功鎮)(臺東縣成功鎮)
27,2023-04-06 02:09:14,121.44,23.30,4.4,25.9,臺東縣政府北北東方  66.7  公里 (位於臺東縣近海)(臺東縣近海)
小區域有感地震,2023-04-05 21:32:39,121.73,24.18,3.4,10.9,花蓮縣政府北北東方  23.8  公里 (位於花蓮縣近海)(花蓮縣近海)
26,2023-04-05 00:34:27,121.46,23.93,4.2,19.9,花蓮縣政府西南西方  17.4  公里 (位於花蓮縣秀林鄉)(花蓮縣秀林鄉)
小區域有感地震,2023-04-04 06:36:25,120.80,23.13,3.7,5,高雄市政府東北方  75.5  公里 (位於高雄市桃源區)(高雄市桃源區)
小區域有感地震,2023-04-04 05:59:43,121.71,24.40,3.9,62.9,宜蘭縣政府南方  37.1  公里 (位於宜蘭縣南澳鄉)(宜蘭縣南澳鄉)
25,2023-04-01 04:02:17,120.96,24.43,4.4,1.8,苗栗縣政府東南方  20.1  公里 (位於苗栗縣泰安鄉)(苗栗縣泰安鄉)
小區域有感地震,2023-04-01 04:00:51,120.64,22.87,4.3,16.6,屏東縣政府東北方  26.5  公里 (位於屏東縣三地門鄉)(屏東縣三地門鄉)
小區域有感地震,2023-05-31 18:48:03,121.14,22.35,4.4,32.2,臺東縣政府南方  44.5  公里 (位於臺灣東南部海域)(臺灣東南部海域)
小區域有感地震,2023-05-30 14:36:49,121.25,23.00,3.9,29.5,臺東縣政府北北東方  28.6  公里 (位於臺東縣東河鄉)(臺東縣東河鄉)
小區域有感地震,2023-05-30 03:06:22,121.50,23.45,4.2,28.3,花蓮縣政府南南西方  61.6  公里 (位於花蓮縣近海)(花蓮縣近海)
小區域有感地震,2023-05-30 00:27:39,121.66,24.07,4,27.8,花蓮縣政府北北東方  9.6  公里 (位於花蓮縣近海)(花蓮縣近海)
小區域有感地震,2023-05-29 04:38:57,122.12,24.67,4,6,宜蘭縣政府東方  37.0  公里 (位於臺灣東部海域)(臺灣東部海域)
小區域有感地震,2023-05-27 20:22:23,121.40,24.44,3.3,6,宜蘭縣政府西南方  48.9  公里 (位於宜蘭縣大同鄉)(宜蘭縣大同鄉)
小區域有感地震,2023-05-27 19:06:38,121.06,24.75,2.3,9.1,新竹縣政府南南東方  10.1  公里 (位於新竹縣竹東鎮)(新竹縣竹東鎮)
小區域有感地震,2023-05-27 08:20:53,121.41,24.43,3.9,6.1,宜蘭縣政府西南方  49.4  公里 (位於宜蘭縣大同鄉)(宜蘭縣大同鄉)
小區域有感地震,2023-05-27 03:56:17,121.68,23.90,4.1,25.7,花蓮縣政府南南東方  11.4  公里 (位於花蓮縣近海)(花蓮縣近海)
小區域有感地震,2023-05-22 04:25:44,121.74,24.38,3.4,6.2,宜蘭縣政府南方  39.3  公里 (位於宜蘭縣南澳鄉)(宜蘭縣南澳鄉)
小區域有感地震,2023-05-21 15:13:39,121.27,23.64,3.9,3.8,花蓮縣政府西南方  52.8  公里 (位於花蓮縣萬榮鄉)(花蓮縣萬榮鄉)
小區域有感地震,2023-05-16 06:28:43,121.52,21.92,3.8,22.3,臺東縣政府南南東方  99.9  公里 (位於臺灣東南部海域)(臺灣東南部海域)
小區域有感地震,2023-05-16 02:34:10,121.52,24.06,4,17.9,花蓮縣政府西北方  12.1  公里 (位於花蓮縣秀林鄉)(花蓮縣秀林鄉)
小區域有感地震,2023-05-14 07:19:19,120.29,23.39,3.4,7,嘉義縣政府南方  7.3  公里 (位於嘉義縣鹿草鄉)(嘉義縣鹿草鄉)
36,2023-05-13 01:30:21,121.47,23.21,4.7,30.3,臺東縣政府東北方  60.5  公里 (位於臺東縣近海)(臺東縣近海)
小區域有感地震,2023-05-12 05:25:18,121.01,21.73,4.6,31.9,臺東縣政府南方  114.5  公里 (位於臺灣南部海域)(臺灣南部海域)
小區域有感地震,2023-05-11 06:07:35,120.81,23.11,3.8,5.4,高雄市政府東北方  74.2  公里 (位於高雄市桃源區)(高雄市桃源區)
小區域有感地震,2023-05-08 17:23:12,122.67,24.67,5.4,114.8,宜蘭縣政府東方  91.7  公里 (位於臺灣東部海域)(臺灣東部海域)
小區域有感地震,2023-05-08 10:02:52,121.38,23.41,4.3,30.8,花蓮縣政府南南西方  69.1  公里 (位於花蓮縣玉里鎮)(花蓮縣玉里鎮)
小區域有感地震,2023-05-07 23:54:58,121.94,24.83,3.7,9.4,宜蘭縣政府東北東方  20.6  公里 (位於臺灣東部海域)(臺灣東部海域)
小區域有感地震,2023-05-07 10:37:33,121.26,24.23,3.3,9.2,南投縣政府東北東方  68.5  公里 (位於南投縣仁愛鄉)(南投縣仁愛鄉)
35,2023-05-04 23:38:20,121.30,23.45,5.1,14.1,花蓮縣政府南南西方  68.3  公里 (位於花蓮縣卓溪鄉)(花蓮縣卓溪鄉)
小區域有感地震,2023-05-04 16:55:21,121.73,23.74,4.1,14.7,花蓮縣政府南南東方  30.3  公里 (位於臺灣東部海域)(臺灣東部海域)
小區域有感地震,2023-05-04 16:15:46,120.92,22.76,4,7.8,臺東縣政府西方  24.1  公里 (位於臺東縣卑南鄉)(臺東縣卑南鄉)
小區域有感地震,2023-05-01 10:12:56,121.45,23.91,3.9,20.1,花蓮縣政府西南西方  19.7  公里 (位於花蓮縣秀林鄉)(花蓮縣秀林鄉)
小區域有感地震,2023-06-29 22:40:45,122.49,24.72,5.1,98.3,宜蘭縣政府東方  73.6  公里 (位於臺灣東部海域)(臺灣東部海域)
小區域有感地震,2023-06-29 01:00:35,121.24,23.26,3.7,16.6,花蓮縣政府南南西方  89.1  公里 (位於花蓮縣卓溪鄉)(花蓮縣卓溪鄉)
小區域有感地震,2023-06-29 00:03:59,120.62,22.68,3.6,19.8,屏東縣政府東方  13.0  公里 (位於屏東縣內埔鄉)(屏東縣內埔鄉)
小區域有感地震,2023-06-28 17:25:09,120.67,22.83,4,19.8,屏東縣政府東北方  24.6  公里 (位於屏東縣三地門鄉)(屏東縣三地門鄉)
小區域有感地震,2023-06-27 09:16:38,121.28,23.41,3.7,10.1,花蓮縣政府南南西方  73.4  公里 (位於花蓮縣卓溪鄉)(花蓮縣卓溪鄉)
小區域有感地震,2023-06-23 04:13:46,122.00,23.74,4.3,29.5,花蓮縣政府東南東方  48.1  公里 (位於臺灣東部海域)(臺灣東部海域)
43,2023-06-23 02:45:30,121.67,24.55,4.8,59.3,宜蘭縣政府南南西方  21.7  公里 (位於宜蘭縣南澳鄉)(宜蘭縣南澳鄉)
小區域有感地震,2023-06-23 00:27:56,121.00,23.98,3.9,15.7,南投縣政府東北東方  32.7  公里 (位於南投縣埔里鎮)(南投縣埔里鎮)
42,2023-06-22 14:04:07,121.72,23.90,4.5,22.1,花蓮縣政府東南方  14.1  公里 (位於臺灣東部海域)(臺灣東部海域)
小區域有感地震,2023-06-21 18:55:42,121.78,24.29,4.1,60.5,花蓮縣政府北北東方  36.9  公里 (位於花蓮縣近海)(花蓮縣近海)
小區域有感地震,2023-06-20 11:38:24,121.63,24.34,3.2,23.8,花蓮縣政府北方  39.1  公里 (位於花蓮縣秀林鄉)(花蓮縣秀林鄉)
小區域有感地震,2023-06-19 20:39:13,121.47,23.93,3.3,18.2,花蓮縣政府西南西方  17.2  公里 (位於花蓮縣秀林鄉)(花蓮縣秀林鄉)
小區域有感地震,2023-06-17 14:09:33,121.24,23.26,4.2,17.7,花蓮縣政府南南西方  89.3  公里 (位於花蓮縣卓溪鄉)(花蓮縣卓溪鄉)
41,2023-06-17 09:47:29,121.24,23.26,4.4,17,花蓮縣政府南南西方  89.3  公里 (位於花蓮縣卓溪鄉)(花蓮縣卓溪鄉)
小區域有感地震,2023-06-16 22:23:50,120.88,24.26,3.7,28.5,臺中市政府東北東方  24.5  公里 (位於臺中市和平區)(臺中市和平區)
小區域有感地震,2023-06-15 11:09:06,121.18,23.14,3.6,14,臺東縣政府北方  42.4  公里 (位於臺東縣海端鄉)(臺東縣海端鄉)
小區域有感地震,2023-06-15 07:58:58,121.55,23.56,4.8,29.8,花蓮縣政府南方  47.8  公里 (位於花蓮縣近海)(花蓮縣近海)
小區域有感地震,2023-06-14 07:56:13,122.44,24.92,4.6,17.3,宜蘭縣政府東北東方  71.8  公里 (位於臺灣東部海域)(臺灣東部海域)
小區域有感地震,2023-06-13 14:04:05,121.37,22.97,3.9,19.8,臺東縣政府東北方  32.2  公里 (位於臺東縣近海)(臺東縣近海)
40,2023-06-11 20:25:39,122.49,24.21,5.5,46.8,花蓮縣政府東北東方  92.0  公里 (位於臺灣東部海域)(臺灣東部海域)
小區域有感地震,2023-06-11 01:55:59,121.41,23.21,3.7,23.4,臺東縣政府北北東方  56.8  公里 (位於臺東縣近海)(臺東縣近海)
小區域有感地震,2023-06-10 23:51:03,120.66,22.85,3.7,17.7,屏東縣政府東北方  26.0  公里 (位於屏東縣三地門鄉)(屏東縣三地門鄉)
39,2023-06-10 17:12:33,120.64,22.87,5,16,屏東縣政府東北方  26.3  公里 (位於屏東縣三地門鄉)(屏東縣三地門鄉)
小區域有感地震,2023-06-10 16:55:41,120.64,22.87,3.9,17,屏東縣政府東北方  26.0  公里 (位於屏東縣三地門鄉)(屏東縣三地門鄉)
小區域有感地震,2023-06-10 16:55:36,120.65,22.87,3.4,16.6,屏東縣政府東北方  25.9  公里 (位於屏東縣三地門鄉)(屏東縣三地門鄉)
小區域有感地震,2023-06-10 16:36:14,121.58,23.81,4.3,27,花蓮縣政府南南西方  20.2  公里 (位於花蓮縣近海)(花蓮縣近海)
38,2023-06-10 13:31:53,120.66,22.86,5.4,18.3,屏東縣政府東北方  25.7  公里 (位於屏東縣三地門鄉)(屏東縣三地門鄉)
小區域有感地震,2023-06-10 13:26:03,120.67,22.86,4.3,17.1,屏東縣政府東北方  26.9  公里 (位於屏東縣三地門鄉)(屏東縣三地門鄉)
小區域有感地震,2023-06-10 08:28:01,120.66,22.87,3.8,16.8,高雄市政府東北方  44.8  公里 (位於高雄市茂林區)(高雄市茂林區)
37,2023-06-10 03:51:02,120.67,22.87,4.3,17.1,高雄市政府東北方  45.5  公里 (位於高雄市茂林區)(高雄市茂林區)
小區域有感地震,2023-06-09 23:19:05,120.67,22.87,3.6,16.8,高雄市政府東北方  45.3  公里 (位於高雄市茂林區)(高雄市茂林區)
小區域有感地震,2023-06-09 21:58:07,120.66,22.87,4.1,17.2,高雄市政府東北方  45.2  公里 (位於高雄市茂林區)(高雄市茂林區)
小區域有感地震,2023-06-02 17:48:43,122.10,24.31,4.7,34.4,宜蘭縣政府東南方  57.7  公里 (位於臺灣東部海域)(臺灣東部海域)
小區域有感地震,2023-06-01 23:39:20,122.12,24.67,3.9,5.6,宜蘭縣政府東方  36.9  公里 (位於臺灣東部海域)(臺灣東部海域)
小區域有感地震,2023-06-01 21:20:57,121.40,24.43,3.7,5.8,宜蘭縣政府西南方  49.1  公里 (位於宜蘭縣大同鄉)(宜蘭縣大同鄉)
小區域有感地震,2023-06-01 03:43:43,122.04,23.71,4.3,39.8,花蓮縣政府東南方  53.1  公里 (位於臺灣東部海域)(臺灣東部海域)
小區域有感地震,2023-10-31 23:47:29,121.54,23.93,3.5,32.3,花蓮縣政府西南方  10.9  公里 (位於花蓮縣吉安鄉)(花蓮縣吉安鄉)
78,2023-10-31 20:33:54,121.62,23.24,4.7,43.5,臺東縣政府東北方  72.0  公里 (位於臺灣東部海域)(臺灣東部海域)
小區域有感地震,2023-10-31 04:32:54,121.73,24.48,3.2,6,宜蘭縣政府南方  28.5  公里 (位於宜蘭縣南澳鄉)(宜蘭縣南澳鄉)
77,2023-10-30 02:12:37,121.53,23.77,4,7,花蓮縣政府南南西方  26.0  公里 (位於花蓮縣壽豐鄉)(花蓮縣壽豐鄉)
小區域有感地震,2023-10-29 23:35:59,121.52,23.77,3.1,6.9,花蓮縣政府南南西方  26.5  公里 (位於花蓮縣壽豐鄉)(花蓮縣壽豐鄉)
小區域有感地震,2023-10-29 17:36:05,121.48,23.43,4.3,28.7,花蓮縣政府南南西方  63.7  公里 (位於花蓮縣豐濱鄉)(花蓮縣豐濱鄉)
小區域有感地震,2023-10-28 16:33:22,121.85,24.46,3.7,21.5,宜蘭縣政府南南東方  31.3  公里 (位於宜蘭縣近海)(宜蘭縣近海)
小區域有感地震,2023-10-28 14:02:23,121.35,23.09,3.7,19.1,臺東縣政府北北東方  42.1  公里 (位於臺東縣成功鎮)(臺東縣成功鎮)
小區域有感地震,2023-10-28 12:34:41,121.49,23.95,3.1,18.2,花蓮縣政府西南西方  14.4  公里 (位於花蓮縣秀林鄉)(花蓮縣秀林鄉)
小區域有感地震,2023-10-28 10:16:10,121.37,22.50,4.5,26.6,臺東縣政府東南方  36.1  公里 (位於臺灣東南部海域)(臺灣東南部海域)
小區域有感地震,2023-10-27 17:36:56,121.30,22.97,3.6,30.8,臺東縣政府東北方  28.0  公里 (位於臺東縣近海)(臺東縣近海)
小區域有感地震,2023-10-27 08:12:31,121.10,24.62,3.6,5,新竹縣政府南南東方  24.2  公里 (位於新竹縣五峰鄉)(新竹縣五峰鄉)
小區域有感地震,2023-10-27 01:36:19,121.55,23.56,3.8,46.9,花蓮縣政府南方  48.8  公里 (位於花蓮縣近海)(花蓮縣近海)
小區域有感地震,2023-10-26 14:28:08,121.36,22.13,4.1,25.4,臺東縣政府南南東方  73.0  公里 (位於臺灣東南部海域)(臺灣東南部海域)
小區域有感地震,2023-10-25 08:12:01,121.09,24.62,3.6,5,新竹縣政府南南東方  23.8  公里 (位於新竹縣五峰鄉)(新竹縣五峰鄉)
小區域有感地震,2023-10-24 10:54:24,122.73,23.92,5.1,24.3,花蓮縣政府東方  113.4  公里 (位於臺灣東部海域)(臺灣東部海域)
76,2023-10-24 07:05:20,122.80,23.91,6.2,5.7,花蓮縣政府東方  120.2  公里 (位於臺灣東部海域)(臺灣東部海域)
75,2023-10-23 21:19:20,121.32,22.99,4.8,19.4,臺東縣政府東北方  31.2  公里 (位於臺東縣近海)(臺東縣近海)
74,2023-10-22 14:52:11,121.91,24.79,4.5,78.5,宜蘭縣政府東北東方  16.7  公里 (位於宜蘭縣近海)(宜蘭縣近海)
小區域有感地震,2023-10-20 15:00:56,120.77,23.19,3.9,5.6,高雄市政府東北方  78.2  公里 (位於高雄市桃源區)(高雄市桃源區)
小區域有感地震,2023-10-20 00:49:40,121.39,23.73,3.6,19.2,花蓮縣政府西南方  37.0  公里 (位於花蓮縣萬榮鄉)(花蓮縣萬榮鄉)
73,2023-10-19 00:00:28,121.24,23.27,4,17.1,花蓮縣政府南南西方  88.7  公里 (位於花蓮縣卓溪鄉)(花蓮縣卓溪鄉)
小區域有感地震,2023-10-17 13:00:47,121.07,21.80,3.9,9.4,臺東縣政府南方  106.7  公里 (位於臺灣東南部海域)(臺灣東南部海域)
小區域有感地震,2023-10-17 07:44:38,121.48,23.93,3.9,18.5,花蓮縣政府西南西方  16.0  公里 (位於花蓮縣秀林鄉)(花蓮縣秀林鄉)
小區域有感地震,2023-10-16 20:56:24,121.64,24.60,3.9,53.2,宜蘭縣政府西南方  19.1  公里 (位於宜蘭縣大同鄉)(宜蘭縣大同鄉)
小區域有感地震,2023-10-16 08:55:09,120.41,23.32,3.7,9.8,臺南市政府東北方  42.7  公里 (位於臺南市東山區)(臺南市東山區)
小區域有感地震,2023-10-15 21:32:11,121.39,23.66,3.6,14.8,花蓮縣政府西南方  43.1  公里 (位於花蓮縣光復鄉)(花蓮縣光復鄉)
小區域有感地震,2023-10-14 22:04:07,122.28,23.98,4.8,18.8,花蓮縣政府東方  66.9  公里 (位於臺灣東部海域)(臺灣東部海域)
小區域有感地震,2023-10-14 16:05:14,122.20,23.99,4.5,11.6,花蓮縣政府東方  58.7  公里 (位於臺灣東部海域)(臺灣東部海域)
小區域有感地震,2023-10-14 15:56:03,122.20,24.03,4.4,5.1,花蓮縣政府東方  59.2  公里 (位於臺灣東部海域)(臺灣東部海域)
72,2023-10-14 15:53:29,122.31,23.91,5.3,7.2,花蓮縣政府東方  70.2  公里 (位於臺灣東部海域)(臺灣東部海域)
71,2023-10-12 20:16:29,120.56,22.93,4.9,15.1,高雄市政府東北方  42.5  公里 (位於高雄市美濃區)(高雄市美濃區)
70,2023-10-11 18:36:56,121.34,23.25,5.8,17,花蓮縣政府南南西方  86.9  公里 (位於花蓮縣富里鄉)(花蓮縣富里鄉)
小區域有感地震,2023-10-10 04:18:52,121.03,23.98,3.9,16.2,南投縣政府東北東方  35.7  公里 (位於南投縣埔里鎮)(南投縣埔里鎮)
小區域有感地震,2023-10-10 04:18:31,121.03,23.98,3.8,14,南投縣政府東北東方  36.0  公里 (位於南投縣埔里鎮)(南投縣埔里鎮)
小區域有感地震,2023-10-10 04:14:07,120.40,23.27,3.6,10.6,臺南市政府東北方  37.6  公里 (位於臺南市東山區)(臺南市東山區)
小區域有感地震,2023-10-10 00:28:21,120.59,23.60,3,9.6,雲林縣政府南南東方  13.0  公里 (位於雲林縣古坑鄉)(雲林縣古坑鄉)
小區域有感地震,2023-10-09 18:47:17,121.41,23.72,3.5,15.1,花蓮縣政府西南方  37.4  公里 (位於花蓮縣萬榮鄉)(花蓮縣萬榮鄉)
小區域有感地震,2023-10-08 04:56:21,121.30,23.44,3.8,12,花蓮縣政府南南西方  69.7  公里 (位於花蓮縣卓溪鄉)(花蓮縣卓溪鄉)
小區域有感地震,2023-10-05 16:53:16,122.20,24.02,4.7,10,花蓮縣政府東方  59.4  公里 (位於臺灣東部海域)(臺灣東部海域)
小區域有感地震,2023-10-04 20:48:38,121.82,24.44,4,43.2,宜蘭縣政府南南東方  33.3  公里 (位於宜蘭縣近海)(宜蘭縣近海)
小區域有感地震,2023-10-04 08:45:49,121.44,23.27,3.7,27.8,臺東縣政府北北東方  64.7  公里 (位於臺東縣近海)(臺東縣近海)
小區域有感地震,2023-10-03 12:21:53,121.75,24.34,3.7,19.2,宜蘭縣政府南方  42.9  公里 (位於宜蘭縣南澳鄉)(宜蘭縣南澳鄉)
小區域有感地震,2023-10-01 02:48:30,121.37,23.14,3.4,18.8,臺東縣政府北北東方  47.7  公里 (位於臺東縣成功鎮)(臺東縣成功鎮)
小區域有感地震,2023-09-30 21:04:32,121.45,23.91,3.9,21,花蓮縣政府西南西方  19.4  公里 (位於花蓮縣秀林鄉)(花蓮縣秀林鄉)
小區域有感地震,2023-09-30 16:04:55,121.89,24.57,4.4,60.2,宜蘭縣政府東南方  22.2  公里 (位於宜蘭縣近海)(宜蘭縣近海)
小區域有感地震,2023-09-28 04:13:37,121.29,23.11,3.7,17.1,花蓮縣政府南南西方  102.9  公里 (位於花蓮縣富里鄉)(花蓮縣富里鄉)
小區域有感地震,2023-09-27 14:11:37,120.72,23.05,3.7,5.7,高雄市政府東北方  63.3  公里 (位於高雄市桃源區)(高雄市桃源區)
小區域有感地震,2023-09-27 01:52:53,121.24,23.26,3.8,17,花蓮縣政府南南西方  89.3  公里 (位於花蓮縣卓溪鄉)(花蓮縣卓溪鄉)
小區域有感地震,2023-09-26 20:30:53,121.36,23.10,4.1,20.9,臺東縣政府北北東方  43.6  公里 (位於臺東縣成功鎮)(臺東縣成功鎮)
小區域有感地震,2023-09-26 07:04:32,122.76,24.49,4.9,96.4,宜蘭縣政府東南東方  104.0  公里 (位於臺灣東部海域)(臺灣東部海域)
小區域有感地震,2023-09-26 01:36:31,121.25,23.26,4.1,17.2,花蓮縣政府南南西方  89.5  公里 (位於花蓮縣卓溪鄉)(花蓮縣卓溪鄉)
小區域有感地震,2023-09-25 04:35:21,121.08,22.91,3.7,8.3,臺東縣政府北北西方  18.4  公里 (位於臺東縣鹿野鄉)(臺東縣鹿野鄉)
小區域有感地震,2023-09-22 02:32:10,120.59,22.90,3.5,15.6,高雄市政府東北方  42.6  公里 (位於高雄市六龜區)(高雄市六龜區)
小區域有感地震,2023-09-20 22:45:26,121.41,23.22,4.3,35.3,臺東縣政府北北東方  57.9  公里 (位於臺東縣近海)(臺東縣近海)
小區域有感地震,2023-09-20 19:09:52,121.77,24.24,4.1,10.6,花蓮縣政府北北東方  31.6  公里 (位於花蓮縣近海)(花蓮縣近海)
小區域有感地震,2023-09-20 13:25:45,121.30,23.64,3.9,7.5,花蓮縣政府西南方  51.0  公里 (位於花蓮縣萬榮鄉)(花蓮縣萬榮鄉)
小區域有感地震,2023-09-20 02:19:25,121.41,23.79,3.5,26.2,花蓮縣政府西南方  30.6  公里 (位於花蓮縣萬榮鄉)(花蓮縣萬榮鄉)
小區域有感地震,2023-09-19 07:47:33,120.45,23.24,3.7,9.6,臺南市政府東北方  38.4  公里 (位於臺南市東山區)(臺南市東山區)
小區域有感地震,2023-09-18 21:21:20,125.58,25.99,6.8,251.8,基隆市政府東北東方  397.0  公里(基隆市政府東北東方  397.0  公里)
小區域有感地震,2023-09-17 04:41:34,120.85,22.24,3.9,14.5,屏東縣政府東南方  61.6  公里 (位於屏東縣獅子鄉)(屏東縣獅子鄉)
69,2023-09-15 18:34:30,121.83,24.38,5.3,43.1,宜蘭縣政府南方  39.1  公里 (位於宜蘭縣近海)(宜蘭縣近海)
68,2023-09-15 18:34:25,121.68,24.04,4.4,23.9,花蓮縣政府東北方  8.1  公里 (位於花蓮縣近海)(花蓮縣近海)
小區域有感地震,2023-09-15 03:41:19,121.45,23.90,3.5,20.1,花蓮縣政府西南西方  20.3  公里 (位於花蓮縣秀林鄉)(花蓮縣秀林鄉)
小區域有感地震,2023-09-14 23:53:42,120.20,23.34,3.4,10,嘉義縣政府西南方  16.2  公里 (位於嘉義縣義竹鄉)(嘉義縣義竹鄉)
小區域有感地震,2023-09-13 11:58:19,121.00,21.85,3.9,25.4,臺東縣政府南方  101.6  公里 (位於臺灣東南部海域)(臺灣東南部海域)
67,2023-09-12 19:03:17,121.08,19.30,6.8,59.9,高雄市政府南南東方  376.3  公里(高雄市政府南南東方  376.3  公里)
小區域有感地震,2023-09-11 07:09:40,121.40,22.17,3.8,25.3,臺東縣政府南南東方  70.0  公里 (位於臺灣東南部海域)(臺灣東南部海域)
小區域有感地震,2023-09-07 03:02:51,121.78,24.23,3.6,11.2,花蓮縣政府北北東方  30.8  公里 (位於花蓮縣近海)(花蓮縣近海)
66,2023-09-06 13:21:37,120.68,22.90,4.4,5.8,高雄市政府東北方  48.6  公里 (位於高雄市茂林區)(高雄市茂林區)
小區域有感地震,2023-09-06 02:07:04,120.63,23.12,3.7,15.2,高雄市政府北北東方  64.3  公里 (位於高雄市甲仙區)(高雄市甲仙區)
小區域有感地震,2023-09-05 17:45:24,120.39,23.53,3.1,10.9,嘉義縣政府東北方  12.1  公里 (位於嘉義縣新港鄉)(嘉義縣新港鄉)
65,2023-09-05 17:30:41,120.39,23.53,5.5,9.9,嘉義縣政府東北方  12.0  公里 (位於嘉義縣新港鄉)(嘉義縣新港鄉)
64,2023-09-05 11:13:49,120.81,22.25,4.7,9,屏東縣政府東南方  58.4  公里 (位於屏東縣獅子鄉)(屏東縣獅子鄉)
小區域有感地震,2023-09-04 22:42:07,120.22,23.37,3.3,7.3,嘉義縣政府西南方  12.2  公里 (位於嘉義縣義竹鄉)(嘉義縣義竹鄉)
小區域有感地震,2023-09-04 22:10:20,121.17,23.09,3.5,10.5,臺東縣政府北方  37.3  公里 (位於臺東縣關山鎮)(臺東縣關山鎮)
小區域有感地震,2023-09-04 15:50:57,122.44,24.80,4.3,17.3,宜蘭縣政府東方  68.8  公里 (位於臺灣東部海域)(臺灣東部海域)
小區域有感地震,2023-09-02 11:06:45,121.34,23.16,3.5,14.7,臺東縣政府北北東方  49.4  公里 (位於臺東縣成功鎮)(臺東縣成功鎮)
小區域有感地震,2023-09-02 02:13:11,120.39,23.53,3.4,9.5,嘉義縣政府東北方  12.1  公里 (位於嘉義縣新港鄉)(嘉義縣新港鄉)
小區域有感地震,2023-09-01 11:35:04,121.46,23.93,3.4,20.9,花蓮縣政府西南西方  17.9  公里 (位於花蓮縣秀林鄉)(花蓮縣秀林鄉)
小區域有感地震,2023-09-01 11:18:04,120.39,23.53,3.2,9.7,嘉義縣政府東北方  12.2  公里 (位於嘉義縣新港鄉)(嘉義縣新港鄉)
小區域有感地震,2023-09-01 10:49:04,120.77,24.27,3.6,29.1,臺中市政府東北方  17.7  公里 (位於臺中市石岡區)(臺中市石岡區)
小區域有感地震,2023-09-01 02:58:45,122.21,24.95,4.4,14.3,基隆市政府東南東方  51.1  公里 (位於臺灣東部海域)(臺灣東部海域)
小區域有感地震,2023-08-31 12:50:11,120.39,23.53,3.7,9.3,嘉義縣政府東北方  12.7  公里 (位於嘉義縣新港鄉)(嘉義縣新港鄉)
小區域有感地震,2023-08-31 12:49:45,120.39,23.53,3.8,9.9,嘉義縣政府東北方  12.0  公里 (位於嘉義縣新港鄉)(嘉義縣新港鄉)
63,2023-08-31 12:49:03,120.39,23.53,4.5,8.9,嘉義縣政府東北方  12.4  公里 (位於嘉義縣新港鄉)(嘉義縣新港鄉)
62,2023-08-27 19:04:46,121.08,22.89,4.2,9.6,臺東縣政府北北西方  17.1  公里 (位於臺東縣卑南鄉)(臺東縣卑南鄉)
小區域有感地震,2023-08-27 13:10:29,121.47,24.42,3.3,7.4,宜蘭縣政府西南方  45.3  公里 (位於宜蘭縣南澳鄉)(宜蘭縣南澳鄉)
小區域有感地震,2023-08-26 15:59:41,120.39,23.53,3.8,9.7,嘉義縣政府東北方  12.4  公里 (位於嘉義縣新港鄉)(嘉義縣新港鄉)
小區域有感地震,2023-08-25 07:34:20,121.47,24.42,3.9,7.2,宜蘭縣政府西南方  45.7  公里 (位於宜蘭縣南澳鄉)(宜蘭縣南澳鄉)
小區域有感地震,2023-08-24 13:39:25,122.01,24.73,4.6,73,宜蘭縣政府東方  24.5  公里 (位於臺灣東部海域)(臺灣東部海域)
小區域有感地震,2023-08-22 11:32:14,121.89,23.33,4,33.4,花蓮縣政府南南東方  78.3  公里 (位於臺灣東部海域)(臺灣東部海域)
小區域有感地震,2023-08-21 14:58:30,121.58,23.82,3.9,21.9,花蓮縣政府南南西方  19.2  公里 (位於花蓮縣近海)(花蓮縣近海)
小區域有感地震,2023-08-21 12:39:43,121.59,23.81,4,22.7,花蓮縣政府南方  20.2  公里 (位於花蓮縣近海)(花蓮縣近海)
小區域有感地震,2023-08-21 12:31:59,121.58,23.81,3.7,22.1,花蓮縣政府南南西方  20.2  公里 (位於花蓮縣近海)(花蓮縣近海)
小區域有感地震,2023-08-20 15:10:42,121.56,23.52,4.3,33.7,花蓮縣政府南方  53.0  公里 (位於花蓮縣近海)(花蓮縣近海)
小區域有感地震,2023-08-17 11:52:14,121.30,22.82,3.4,12,臺東縣政府東北東方  16.5  公里 (位於臺灣東南部海域)(臺灣東南部海域)
61,2023-08-16 22:58:53,120.39,23.53,4,9.5,嘉義縣政府東北方  12.6  公里 (位於嘉義縣新港鄉)(嘉義縣新港鄉)
60,2023-08-16 01:09:18,121.67,24.17,4.8,27.7,花蓮縣政府北北東方  20.2  公里 (位於花蓮縣近海)(花蓮縣近海)
小區域有感地震,2023-08-15 15:59:45,122.07,23.42,4.3,38.1,花蓮縣政府東南方  77.7  公里 (位於臺灣東部海域)(臺灣東部海域)
小區域有感地震,2023-08-14 02:41:23,122.37,24.40,4.6,53.8,宜蘭縣政府東南東方  72.1  公里 (位於臺灣東部海域)(臺灣東部海域)
59,2023-08-13 20:06:23,121.04,21.76,4.8,21,臺東縣政府南方  110.9  公里 (位於臺灣南部海域)(臺灣南部海域)
小區域有感地震,2023-08-13 19:47:59,122.62,24.56,4.5,97,宜蘭縣政府東方  88.4  公里 (位於臺灣東部海域)(臺灣東部海域)
小區域有感地震,2023-08-13 09:43:10,121.47,20.55,6,84,臺東縣政府南方  246.2  公里 (位於臺灣南部海域)(臺灣南部海域)
小區域有感地震,2023-08-13 02:27:53,121.86,23.36,4.2,28.3,花蓮縣政府南南東方  73.8  公里 (位於臺灣東部海域)(臺灣東部海域)
小區域有感地震,2023-08-11 18:24:00,120.94,23.30,4.3,3.9,高雄市政府東北方  99.4  公里 (位於高雄市桃源區)(高雄市桃源區)
小區域有感地震,2023-08-11 17:52:20,121.57,23.79,3.2,7.5,花蓮縣政府南南西方  22.3  公里 (位於花蓮縣近海)(花蓮縣近海)
58,2023-08-10 10:02:17,121.95,24.79,5,91.2,宜蘭縣政府東北東方  20.1  公里 (位於臺灣東部海域)(臺灣東部海域)
小區域有感地震,2023-08-08 18:38:12,121.58,23.27,4.6,40,臺東縣政府東北方  71.6  公里 (位於臺灣東部海域)(臺灣東部海域)
小區域有感地震,2023-08-08 14:26:36,121.42,23.29,3.8,25.4,臺東縣政府北北東方  65.7  公里 (位於臺東縣長濱鄉)(臺東縣長濱鄉)
小區域有感地震,2023-08-08 14:26:24,121.43,23.30,4,27.2,臺東縣政府北北東方  66.6  公里 (位於臺東縣長濱鄉)(臺東縣長濱鄉)
小區域有感地震,2023-08-06 13:12:41,121.80,24.59,4.6,64.8,宜蘭縣政府南南東方  16.2  公里 (位於宜蘭縣南澳鄉)(宜蘭縣南澳鄉)
57,2023-08-04 20:52:03,121.57,21.80,4.4,10,臺東縣政府南南東方  113.8  公里 (位於臺灣東南部海域)(臺灣東南部海域)
小區域有感地震,2023-08-04 20:51:08,121.67,21.83,3.9,24.4,臺東縣政府南南東方  116.1  公里 (位於臺灣東南部海域)(臺灣東南部海域)
小區域有感地震,2023-08-04 20:28:18,121.69,21.83,4.2,25.1,臺東縣政府南南東方  116.1  公里 (位於臺灣東南部海域)(臺灣東南部海域)
56,2023-08-04 20:25:17,121.64,21.84,5,21.4,臺東縣政府南南東方  113.5  公里 (位於臺灣東南部海域)(臺灣東南部海域)
55,2023-08-04 20:22:12,121.64,21.84,5,20.3,臺東縣政府南南東方  113.3  公里 (位於臺灣東南部海域)(臺灣東南部海域)
小區域有感地震,2023-08-02 13:11:17,121.49,23.10,3.8,19.9,臺東縣政府東北方  52.1  公里 (位於臺灣東部海域)(臺灣東部海域)
小區域有感地震,2023-08-01 00:38:56,121.63,23.92,4.4,48.3,花蓮縣政府南方  7.6  公里 (位於花蓮縣近海)(花蓮縣近海)
小區域有感地震,2023-07-31 00:44:34,121.97,25.34,4.2,12.9,基隆市政府東北方  32.4  公里 (位於臺灣北部海域)(臺灣北部海域)
小區域有感地震,2023-07-28 21:17:54,121.89,24.72,4.6,77.7,宜蘭縣政府東方  12.8  公里 (位於宜蘭縣近海)(宜蘭縣近海)
小區域有感地震,2023-07-28 00:23:34,121.67,24.38,3.5,23.7,宜蘭縣政府南南西方  40.3  公里 (位於宜蘭縣南澳鄉)(宜蘭縣南澳鄉)
小區域有感地震,2023-07-27 10:42:55,121.35,22.61,4.1,25.1,臺東縣政府東南方  25.6  公里 (位於臺灣東南部海域)(臺灣東南部海域)
小區域有感地震,2023-07-26 04:01:10,121.45,23.90,3.5,21.1,花蓮縣政府西南西方  19.6  公里 (位於花蓮縣秀林鄉)(花蓮縣秀林鄉)
小區域有感地震,2023-07-25 05:23:50,121.27,23.08,3.2,5,臺東縣政府北北東方  37.4  公里 (位於臺東縣東河鄉)(臺東縣東河鄉)
小區域有感地震,2023-07-23 18:01:55,121.04,22.20,3.8,9.5,臺東縣政府南方  62.5  公里 (位於臺灣東南部海域)(臺灣東南部海域)
小區域有感地震,2023-07-23 00:40:32,121.62,24.04,3.4,8.6,花蓮縣政府北方  5.2  公里 (位於花蓮縣近海)(花蓮縣近海)
小區域有感地震,2023-07-23 00:40:26,121.64,24.04,3.2,8,花蓮縣政府北北東方  5.8  公里 (位於花蓮縣近海)(花蓮縣近海)
小區域有感地震,2023-07-22 21:35:59,121.64,24.04,3.8,7.5,花蓮縣政府北北東方  5.7  公里 (位於花蓮縣近海)(花蓮縣近海)
小區域有感地震,2023-07-22 21:28:33,121.58,23.93,3.4,7.3,花蓮縣政府西南方  7.8  公里 (位於花蓮縣吉安鄉)(花蓮縣吉安鄉)
小區域有感地震,2023-07-22 21:22:47,121.62,24.04,3.4,8,花蓮縣政府北方  5.3  公里 (位於花蓮縣近海)(花蓮縣近海)
小區域有感地震,2023-07-21 14:14:40,121.55,23.77,3.6,9,花蓮縣政府南南西方  25.2  公里 (位於花蓮縣壽豐鄉)(花蓮縣壽豐鄉)
小區域有感地震,2023-07-18 22:09:43,121.44,23.31,3.4,28.5,臺東縣政府北北東方  68.0  公里 (位於臺東縣近海)(臺東縣近海)
54,2023-07-18 16:29:39,121.45,23.88,4.2,21.1,花蓮縣政府西南西方  20.8  公里 (位於花蓮縣秀林鄉)(花蓮縣秀林鄉)
53,2023-07-15 15:50:51,121.32,23.46,4.1,14.2,花蓮縣政府南南西方  66.2  公里 (位於花蓮縣卓溪鄉)(花蓮縣卓溪鄉)
小區域有感地震,2023-07-14 10:39:14,121.97,24.78,4.2,92.2,宜蘭縣政府東北東方  21.2  公里 (位於臺灣東部海域)(臺灣東部海域)
52,2023-07-14 10:09:27,121.31,23.49,4.5,13.4,花蓮縣政府南南西方  63.8  公里 (位於花蓮縣卓溪鄉)(花蓮縣卓溪鄉)
小區域有感地震,2023-07-13 18:34:13,121.59,23.79,3.8,27.9,花蓮縣政府南方  22.8  公里 (位於花蓮縣近海)(花蓮縣近海)
小區域有感地震,2023-07-13 18:03:34,121.45,23.90,3.4,20.3,花蓮縣政府西南西方  19.6  公里 (位於花蓮縣秀林鄉)(花蓮縣秀林鄉)
小區域有感地震,2023-07-13 14:37:59,120.70,23.45,3.4,3.9,嘉義縣政府東方  41.6  公里 (位於嘉義縣阿里山鄉)(嘉義縣阿里山鄉)
小區域有感地震,2023-07-11 19:42:07,121.52,24.06,3.8,19.3,花蓮縣政府西北西方  12.8  公里 (位於花蓮縣秀林鄉)(花蓮縣秀林鄉)
小區域有感地震,2023-07-10 16:48:55,121.24,23.27,3.7,16.7,花蓮縣政府南南西方  88.9  公里 (位於花蓮縣卓溪鄉)(花蓮縣卓溪鄉)
51,2023-07-10 06:11:33,121.51,24.05,5.3,20.1,花蓮縣政府西北西方  12.8  公里 (位於花蓮縣秀林鄉)(花蓮縣秀林鄉)
小區域有感地震,2023-07-10 02:06:04,121.48,23.91,3.3,16.7,花蓮縣政府西南西方  16.7  公里 (位於花蓮縣秀林鄉)(花蓮縣秀林鄉)
50,2023-07-09 16:16:33,121.70,21.87,4.5,23.9,臺東縣政府南南東方  113.3  公里 (位於臺灣東南部海域)(臺灣東南部海域)
小區域有感地震,2023-07-09 15:52:51,121.62,21.89,4.3,20.5,臺東縣政府南南東方  107.1  公里 (位於臺灣東南部海域)(臺灣東南部海域)
小區域有感地震,2023-07-09 13:27:52,121.43,21.90,4.3,10.5,臺東縣政府南南東方  99.3  公里 (位於臺灣東南部海域)(臺灣東南部海域)
小區域有感地震,2023-07-09 13:27:27,121.52,21.90,3.9,17.9,臺東縣政府南南東方  101.9  公里 (位於臺灣東南部海域)(臺灣東南部海域)
49,2023-07-09 11:31:57,121.63,21.87,4.6,21,臺東縣政府南南東方  109.6  公里 (位於臺灣東南部海域)(臺灣東南部海域)
48,2023-07-09 09:53:47,121.63,21.88,4.5,20.3,臺東縣政府南南東方  108.8  公里 (位於臺灣東南部海域)(臺灣東南部海域)
47,2023-07-09 05:22:03,121.62,21.87,5.3,27,臺東縣政府南南東方  108.7  公里 (位於臺灣東南部海域)(臺灣東南部海域)
小區域有感地震,2023-07-09 04:26:31,121.61,21.87,4.4,20.2,臺東縣政府南南東方  108.9  公里 (位於臺灣東南部海域)(臺灣東南部海域)
小區域有感地震,2023-07-09 03:49:51,121.53,21.89,4.5,14,臺東縣政府南南東方  103.2  公里 (位於臺灣東南部海域)(臺灣東南部海域)
46,2023-07-09 03:49:15,121.54,21.92,4.7,16.9,臺東縣政府南南東方  101.1  公里 (位於臺灣東南部海域)(臺灣東南部海域)
45,2023-07-09 03:47:12,121.60,21.91,5.4,23.1,臺東縣政府南南東方  104.4  公里 (位於臺灣東南部海域)(臺灣東南部海域)
小區域有感地震,2023-07-08 16:09:35,121.30,23.63,3.9,4.3,花蓮縣政府西南方  51.5  公里 (位於花蓮縣萬榮鄉)(花蓮縣萬榮鄉)
小區域有感地震,2023-07-07 21:51:22,120.37,23.52,3.3,6.3,嘉義縣政府東北方  10.2  公里 (位於嘉義縣新港鄉)(嘉義縣新港鄉)
小區域有感地震,2023-07-07 02:21:25,121.44,23.42,4.4,37,臺東縣政府北北東方  79.4  公里 (位於臺東縣長濱鄉)(臺東縣長濱鄉)
44,2023-07-07 02:03:56,121.18,23.13,4.9,11,臺東縣政府北方  42.1  公里 (位於臺東縣池上鄉)(臺東縣池上鄉)
小區域有感地震,2023-07-06 05:30:46,120.61,22.67,3.6,19.6,屏東縣政府東方  12.4  公里 (位於屏東縣內埔鄉)(屏東縣內埔鄉)
小區域有感地震,2023-07-06 01:08:47,121.55,24.00,4.1,13,花蓮縣政府西方  6.9  公里 (位於花蓮縣秀林鄉)(花蓮縣秀林鄉)
小區域有感地震,2023-07-04 15:36:19,121.18,23.13,3.9,16.5,臺東縣政府北方  41.9  公里 (位於臺東縣池上鄉)(臺東縣池上鄉)
小區域有感地震,2023-07-04 14:02:07,121.78,24.32,3.2,4.3,宜蘭縣政府南方  46.0  公里 (位於宜蘭縣近海)(宜蘭縣近海)
